INSERT INTO PosORA_Pro.einv_invoice_status (id, name, description, note) VALUES (0, 'Hóa đơn mới tạo', '', '');
INSERT INTO PosORA_Pro.einv_invoice_status (id, name, description, note) VALUES (1, 'Hóa đơn đã cấp số và chờ ký', '', '');
INSERT INTO PosORA_Pro.einv_invoice_status (id, name, description, note) VALUES (2, 'Hóa đơn đã phát hành', '', '');
INSERT INTO PosORA_Pro.einv_invoice_status (id, name, description, note) VALUES (5, 'Hóa đơn điều chỉnh đã cấp số và chờ ký', '', null);
INSERT INTO PosORA_Pro.einv_invoice_status (id, name, description, note) VALUES (6, 'Hóa đơn điều chỉnh đã phát hành', '', null);
INSERT INTO PosORA_Pro.einv_invoice_status (id, name, description, note) VALUES (7, 'Hóa đơn thay thế đã cấp số và chờ ký', '', null);
INSERT INTO PosORA_Pro.einv_invoice_status (id, name, description, note) VALUES (8, 'Hóa đơn thay thế đã phát hành', '', null);
INSERT INTO PosORA_Pro.einv_invoice_status (id, name, description, note) VALUES (9, 'Hóa đơn bị thay thế', '', null);
INSERT INTO PosORA_Pro.einv_invoice_status (id, name, description, note) VALUES (10, 'Hóa đơn bị điều chỉnh', '', null);
INSERT INTO PosORA_Pro.einv_invoice_status (id, name, description, note) VALUES (99, 'Trạng thái khác', '', null);


INSERT INTO PosORA_Pro.einv_invoice_type (id, name, note) VALUES (1, 'Hóa đơn giá trị gia tăng', '');
INSERT INTO PosORA_Pro.einv_invoice_type (id, name, note) VALUES (2, 'Hóa đơn bán hàng', '');
INSERT INTO PosORA_Pro.einv_invoice_type (id, name, note) VALUES (6, 'Phiếu xuất kho kiêm vận chuyển nội bộ', '');

INSERT INTO PosORA_Pro.einv_item_type (id, name, note) VALUES (1, 'Hàng hóa, dịch vụ', 'Mặc định');
INSERT INTO PosORA_Pro.einv_item_type (id, name, note) VALUES (2, 'Khuyến mại', null);
INSERT INTO PosORA_Pro.einv_item_type (id, name, note) VALUES (3, 'Chiết khấu thương mại', 'Trong trường hợp muốn thể hiện thông tin chiết khấu theo dòng');
INSERT INTO PosORA_Pro.einv_item_type (id, name, note) VALUES (4, 'Ghi chú', null);

INSERT INTO PosORA_Pro.einv_payment_method (id, name, note) VALUES (1, 'TM', 'Tiền mặt');
INSERT INTO PosORA_Pro.einv_payment_method (id, name, note) VALUES (2, 'CK', 'Chuyển khoản');
INSERT INTO PosORA_Pro.einv_payment_method (id, name, note) VALUES (3, 'TM/CK', 'Tiền mặt/Chuyển khoản');
INSERT INTO PosORA_Pro.einv_payment_method (id, name, note) VALUES (4, 'Xuất hàng cho chi nhánh', 'Xuất hàng cho chi nhánh');

INSERT INTO PosORA_Pro.einv_provider (id, provider_name, integration_url, lookup_url, inactive, created_by, updated_by, created_date, updated_date) VALUES ('VNPT', 'VNPT Invoice', null, null, 1, null, null, null, null);
INSERT INTO PosORA_Pro.einv_provider (id, provider_name, integration_url, lookup_url, inactive, created_by, updated_by, created_date, updated_date) VALUES ('MOBI', 'Mobifone - Invoice', 'http://mobiinvoice.vn:9000', null, 0, null, null, null, null);
INSERT INTO PosORA_Pro.einv_provider (id, provider_name, integration_url, lookup_url, inactive, created_by, updated_by, created_date, updated_date) VALUES ('BKAV', 'Công ty cổ phần Bkav', 'https://wsdemo.ehoadon.vn/WSPublicEHoaDon.asmx', 'https://demo.ehoadon.vn/TCHD?MTC=', 0, null, null, null, null);



INSERT INTO PosORA_Pro.einv_reference_type (id, name, note) VALUES (0, 'Gốc', '');
INSERT INTO PosORA_Pro.einv_reference_type (id, name, note) VALUES (2, 'Điều chỉnh', '');
INSERT INTO PosORA_Pro.einv_reference_type (id, name, note) VALUES (3, 'Thay thế', '');

INSERT INTO PosORA_Pro.einv_store_provider (id, tenant_id, store_id, provider_id, partner_id, partner_token, partner_usr, partner_pwd, status, integrated_date, integration_url, tax_code, created_by, updated_by, created_date, updated_date) VALUES ('019bb7be-7baa-7a80-b116-1c116558c788', '019ab3a5-e390-7d4a-892e-821d8d651db7', '019ab3a5-e3bb-7be0-a6ba-83286f2d438b', 'BKAV', 'b5859527-8350-44d7-909e-64c7d2b6a8e7', 'c9EFY8Nj/mIcA2wo3rX9sq7ZlihcnH8IXzboSBjkgkg=:iXn1OnTBVY8HpuXf9omJSg==', null, null, 1, '2026-01-31 04:24:56', null, null, '019ab3b0-2696-7c95-92b8-20f29b8d771a', '019ab3b0-2696-7c95-92b8-20f29b8d771a', '2026-01-13 14:24:32', '2026-01-31 04:24:56');
INSERT INTO PosORA_Pro.einv_store_provider (id, tenant_id, store_id, provider_id, partner_id, partner_token, partner_usr, partner_pwd, status, integrated_date, integration_url, tax_code, created_by, updated_by, created_date, updated_date) VALUES ('019c03bc-7150-708a-b6fc-195fe661a592', '019bb6b4-a81b-70d8-aace-5259c8bbd9a4', '019bb6b4-a872-7c6c-997e-6eae9a5df795', 'BKAV', '5dd37388-054c-4595-9080-dcd5343a6948', 'qg40Hnlc3PX17RoLdYnpA5HDgk/WrpYi/rzfCKO3nc0=:oQhPPq/MaQNhzxgum9Npkw==', null, null, 1, '2026-01-28 14:56:48', null, null, '019bb6b4-a821-74c7-9ba3-5794abd056af', '019bb6b4-a821-74c7-9ba3-5794abd056af', '2026-01-28 08:33:27', '2026-01-28 14:56:48');

INSERT INTO PosORA_Pro.einv_store_serial (id, tenant_id, store_id, provider_id, invoice_type_id, provider_serial_id, invoice_form, invoice_serial, start_date, status, created_by, updated_by, created_date, updated_date) VALUES ('019b77df-7d09-7d32-aba9-82d3adfe8a3a', '019ab3a5-e390-7d4a-892e-821d8d651db7', '019b6d1e-5eed-706c-9f35-73ac8e18f4f3', 'MOBI', 6, 'e8af09ac-2b05-4354-ab2f-b05447b430bb', '6', 'K25BMS', '2026-01-01 00:00:00', 1, '019ab3b0-2696-7c95-92b8-20f29b8d771a', '019ab3b0-2696-7c95-92b8-20f29b8d771a', '2026-01-01 04:44:53', '2026-01-01 04:45:30');
INSERT INTO PosORA_Pro.einv_store_serial (id, tenant_id, store_id, provider_id, invoice_type_id, provider_serial_id, invoice_form, invoice_serial, start_date, status, created_by, updated_by, created_date, updated_date) VALUES ('019b9197-6d7b-7afb-84fe-6cb81414e18e', '019adf70-887e-71ad-afd3-76d075da8245', '019adf70-88d9-77c8-9eba-e3f51f1a1239', 'MOBI', 2, '898b5533-5a91-4e08-9f2f-bbd3f845dd22', '2', 'C25MYY', '2026-01-06 00:00:00', 8, '019adf70-8887-7347-82f7-a97553b65886', '019adf70-8887-7347-82f7-a97553b65886', '2026-01-06 04:36:18', '2026-01-06 13:34:35');
INSERT INTO PosORA_Pro.einv_store_serial (id, tenant_id, store_id, provider_id, invoice_type_id, provider_serial_id, invoice_form, invoice_serial, start_date, status, created_by, updated_by, created_date, updated_date) VALUES ('019b961a-121a-7470-95ca-22c719c3be84', '019adf70-887e-71ad-afd3-76d075da8245', '019adf70-88d9-77c8-9eba-e3f51f1a1239', 'MOBI', 1, '791f4ff1-ce04-4941-9ad6-5343401ca6c1', '1', 'C25MYY', '2026-01-07 00:00:00', 8, '019adf70-8887-7347-82f7-a97553b65886', '019adf70-8887-7347-82f7-a97553b65886', '2026-01-07 01:37:29', '2026-01-07 01:38:06');
INSERT INTO PosORA_Pro.einv_store_serial (id, tenant_id, store_id, provider_id, invoice_type_id, provider_serial_id, invoice_form, invoice_serial, start_date, status, created_by, updated_by, created_date, updated_date) VALUES ('019b961a-bd5e-7c34-8d58-1db83b4ec033', '019adf70-887e-71ad-afd3-76d075da8245', '019adf70-88d9-77c8-9eba-e3f51f1a1239', 'MOBI', 1, '791f4ff1-ce04-4941-9ad6-5343401ca6c1', '1', 'C25MYY', '2026-01-07 00:00:00', 8, '019adf70-8887-7347-82f7-a97553b65886', '019adf70-8887-7347-82f7-a97553b65886', '2026-01-07 01:38:13', '2026-01-07 01:41:48');
INSERT INTO PosORA_Pro.einv_store_serial (id, tenant_id, store_id, provider_id, invoice_type_id, provider_serial_id, invoice_form, invoice_serial, start_date, status, created_by, updated_by, created_date, updated_date) VALUES ('019c124c-3e9d-77c3-b316-d8b4c31f1adb', '019ab3a5-e390-7d4a-892e-821d8d651db7', '019ab3a5-e3bb-7be0-a6ba-83286f2d438b', 'BKAV', 1, null, '1', 'C26TTV', '2026-01-31 00:00:00', 1, '019ab3b0-2696-7c95-92b8-20f29b8d771a', '019ab3b0-2696-7c95-92b8-20f29b8d771a', '2026-01-31 04:25:12', '2026-01-31 04:25:15');

INSERT INTO PosORA_Pro.einv_mapping_tax_type (id, provider_id, tax_type_id, provider_tax_type_id, provider_tax_rate, inactive, note) VALUES ('019c09b0-bd22-7f68-a829-21d616e49eb4', 'BKAV', 'T00', '1', '0', 0, null);
INSERT INTO PosORA_Pro.einv_mapping_tax_type (id, provider_id, tax_type_id, provider_tax_type_id, provider_tax_rate, inactive, note) VALUES ('019c09b4-63ed-7988-9cf9-b2231f83ab4e', 'BKAV', 'T05', '2', '5', 0, null);
INSERT INTO PosORA_Pro.einv_mapping_tax_type (id, provider_id, tax_type_id, provider_tax_type_id, provider_tax_rate, inactive, note) VALUES ('019c09b4-89ba-7144-b7a5-647975a8b8b9', 'BKAV', 'T08', '9', '8', 0, null);
INSERT INTO PosORA_Pro.einv_mapping_tax_type (id, provider_id, tax_type_id, provider_tax_type_id, provider_tax_rate, inactive, note) VALUES ('019c09b4-fbcb-7474-b28d-53be4893fda9', 'BKAV', 'T10', '3', '10', 0, null);
INSERT INTO PosORA_Pro.einv_mapping_tax_type (id, provider_id, tax_type_id, provider_tax_type_id, provider_tax_rate, inactive, note) VALUES ('019c09b7-7883-77c0-9e6b-22321fd5e966', 'BKAV', 'KCT', '4', '-1', 0, null);
INSERT INTO PosORA_Pro.einv_mapping_tax_type (id, provider_id, tax_type_id, provider_tax_type_id, provider_tax_rate, inactive, note) VALUES ('019c09b7-c039-7c64-a016-e2b2d2d94c2c', 'BKAV', 'KKK', '5', '-2', 0, null);


INSERT INTO PosORA_Pro.einv_mapping_reference_type (id, provider_id, reference_type_id, provider_reference_type_id, inactive, note) VALUES ('019bb760-d617-7bf8-93f0-60e818c3fa63', 'BKAV', 0, null, 0, null);
INSERT INTO PosORA_Pro.einv_mapping_reference_type (id, provider_id, reference_type_id, provider_reference_type_id, inactive, note) VALUES ('019bb760-e176-76ec-829e-80bb6ca77acd', 'BKAV', 2, null, 0, null);
INSERT INTO PosORA_Pro.einv_mapping_reference_type (id, provider_id, reference_type_id, provider_reference_type_id, inactive, note) VALUES ('019bb760-ea71-7a90-a404-9f7163e26e02', 'BKAV', 3, null, 0, null);
INSERT INTO PosORA_Pro.einv_mapping_reference_type (id, provider_id, reference_type_id, provider_reference_type_id, inactive, note) VALUES ('019bc6f6-de92-7ad8-9cd1-ada0af7aaa20', 'MOBI', 0, '0', 0, null);
INSERT INTO PosORA_Pro.einv_mapping_reference_type (id, provider_id, reference_type_id, provider_reference_type_id, inactive, note) VALUES ('019bc6f7-0bd1-7e04-a7bd-c2086640beb2', 'MOBI', 2, '2', 0, null);
INSERT INTO PosORA_Pro.einv_mapping_reference_type (id, provider_id, reference_type_id, provider_reference_type_id, inactive, note) VALUES ('019bc6f7-1ee7-7828-bc0e-5909858c8013', 'MOBI', 21, null, 0, null);


INSERT INTO PosORA_Pro.einv_mapping_payment_method (id, provider_id, payment_method_id, provider_payment_method_id, inactive, note) VALUES ('019bb763-71f4-715c-b6f7-607c2df1dfb6', 'BKAV', 1, '1', 0, null);
INSERT INTO PosORA_Pro.einv_mapping_payment_method (id, provider_id, payment_method_id, provider_payment_method_id, inactive, note) VALUES ('019bb763-7d47-7ef4-acd2-0d097bc27d1f', 'BKAV', 2, '2', 0, null);
INSERT INTO PosORA_Pro.einv_mapping_payment_method (id, provider_id, payment_method_id, provider_payment_method_id, inactive, note) VALUES ('019bb763-899f-7924-a757-22c3aaeb0b26', 'BKAV', 3, '3', 0, null);
INSERT INTO PosORA_Pro.einv_mapping_payment_method (id, provider_id, payment_method_id, provider_payment_method_id, inactive, note) VALUES ('019bb763-929b-7060-959f-f1982dd2117a', 'BKAV', 4, '4', 0, null);
INSERT INTO PosORA_Pro.einv_mapping_payment_method (id, provider_id, payment_method_id, provider_payment_method_id, inactive, note) VALUES ('019bc6f8-8709-728c-afc3-0ad1e51bf076', 'MOBI', 1, 'Tiền mặt', 0, null);
INSERT INTO PosORA_Pro.einv_mapping_payment_method (id, provider_id, payment_method_id, provider_payment_method_id, inactive, note) VALUES ('019bc6f8-a150-76a0-ba18-528ebdd7bf5f', 'MOBI', 2, 'Chuyển khoản', 0, null);
INSERT INTO PosORA_Pro.einv_mapping_payment_method (id, provider_id, payment_method_id, provider_payment_method_id, inactive, note) VALUES ('019bc6f8-e7b0-768c-a3dc-c852297ceca4', 'MOBI', 3, 'Tiền mặt/Chuyển khoản', 0, null);


INSERT INTO PosORA_Pro.einv_mapping_invoice_type (id, provider_id, invoice_type_id, provider_invoice_type_id, inactive, note) VALUES ('019bb760-4b21-7544-b457-cc784f8c50a0', 'BKAV', 1, '1', 0, null);
INSERT INTO PosORA_Pro.einv_mapping_invoice_type (id, provider_id, invoice_type_id, provider_invoice_type_id, inactive, note) VALUES ('019bb760-5528-79d8-9172-d58ad3641d0a', 'BKAV', 2, '2', 0, null);
INSERT INTO PosORA_Pro.einv_mapping_invoice_type (id, provider_id, invoice_type_id, provider_invoice_type_id, inactive, note) VALUES ('019bb760-5fa1-7350-a491-f526fee41869', 'BKAV', 9, '10', 0, null);
INSERT INTO PosORA_Pro.einv_mapping_invoice_type (id, provider_id, invoice_type_id, provider_invoice_type_id, inactive, note) VALUES ('019bfebc-25c8-713c-b716-bc77fd689539', 'BKAV', 3, '4', 0, null);
INSERT INTO PosORA_Pro.einv_mapping_invoice_type (id, provider_id, invoice_type_id, provider_invoice_type_id, inactive, note) VALUES ('019bfebc-2621-7074-b6f3-bbaf07ad3bc5', 'BKAV', 4, '5', 0, null);
INSERT INTO PosORA_Pro.einv_mapping_invoice_type (id, provider_id, invoice_type_id, provider_invoice_type_id, inactive, note) VALUES ('019bfebc-2639-79e8-bbca-71481aae145e', 'BKAV', 5, '6', 0, null);
INSERT INTO PosORA_Pro.einv_mapping_invoice_type (id, provider_id, invoice_type_id, provider_invoice_type_id, inactive, note) VALUES ('019bfebc-2649-7900-83c3-f6d5665ff8ed', 'BKAV', 6, '7', 0, null);
INSERT INTO PosORA_Pro.einv_mapping_invoice_type (id, provider_id, invoice_type_id, provider_invoice_type_id, inactive, note) VALUES ('019bfebc-2667-78dc-aaa5-587e6f68b1ee', 'BKAV', 7, '8', 0, null);
INSERT INTO PosORA_Pro.einv_mapping_invoice_type (id, provider_id, invoice_type_id, provider_invoice_type_id, inactive, note) VALUES ('019bfebc-267f-7110-a67b-d2c0c83592ef', 'BKAV', 8, '9', 0, null);
INSERT INTO PosORA_Pro.einv_mapping_invoice_type (id, provider_id, invoice_type_id, provider_invoice_type_id, inactive, note) VALUES ('019bfebc-2693-7988-95fc-057331ce4140', 'BKAV', 10, '11', 0, null);
INSERT INTO PosORA_Pro.einv_mapping_invoice_type (id, provider_id, invoice_type_id, provider_invoice_type_id, inactive, note) VALUES ('019bfec3-60ae-7818-b475-9f067ff6bee4', 'MOBI', 1, '1', 0, null);
INSERT INTO PosORA_Pro.einv_mapping_invoice_type (id, provider_id, invoice_type_id, provider_invoice_type_id, inactive, note) VALUES ('019bfec3-60c5-7f30-bb45-737f94944063', 'MOBI', 2, '2', 0, null);
INSERT INTO PosORA_Pro.einv_mapping_invoice_type (id, provider_id, invoice_type_id, provider_invoice_type_id, inactive, note) VALUES ('019bfec3-60e2-73e0-934d-050da3998504', 'MOBI', 3, '4', 0, null);
INSERT INTO PosORA_Pro.einv_mapping_invoice_type (id, provider_id, invoice_type_id, provider_invoice_type_id, inactive, note) VALUES ('019bfec3-6114-782c-b75a-042758cebace', 'MOBI', 4, '5', 0, null);
INSERT INTO PosORA_Pro.einv_mapping_invoice_type (id, provider_id, invoice_type_id, provider_invoice_type_id, inactive, note) VALUES ('019bfec3-612d-7950-bca2-3c338578117b', 'MOBI', 5, '6', 0, null);


INSERT INTO PosORA_Pro.einv_mapping_invoice_status (id, provider_id, invoice_status_id, provider_invoice_status_id, inactive, note) VALUES ('019bc711-e556-7240-a3fb-096ac26990d5', 'BKAV', 1, '1', 0, null);
INSERT INTO PosORA_Pro.einv_mapping_invoice_status (id, provider_id, invoice_status_id, provider_invoice_status_id, inactive, note) VALUES ('019bc711-ecc6-7cc4-b67c-64bdb39dc7a4', 'BKAV', 2, '2', 0, null);
INSERT INTO PosORA_Pro.einv_mapping_invoice_status (id, provider_id, invoice_status_id, provider_invoice_status_id, inactive, note) VALUES ('019bc711-f8b7-7da0-8378-64dffbf3d693', 'BKAV', 3, '3', 0, null);
INSERT INTO PosORA_Pro.einv_mapping_invoice_status (id, provider_id, invoice_status_id, provider_invoice_status_id, inactive, note) VALUES ('019bc711-fd5f-725c-8d26-ead211c9faba', 'BKAV', 4, '4', 0, null);
INSERT INTO PosORA_Pro.einv_mapping_invoice_status (id, provider_id, invoice_status_id, provider_invoice_status_id, inactive, note) VALUES ('019bc712-010a-7774-bfbe-ba1a9287413c', 'BKAV', 5, '5', 0, null);
INSERT INTO PosORA_Pro.einv_mapping_invoice_status (id, provider_id, invoice_status_id, provider_invoice_status_id, inactive, note) VALUES ('019bc712-04be-7a88-b5e1-6bccb2fdbe9b', 'BKAV', 6, '6', 0, null);
INSERT INTO PosORA_Pro.einv_mapping_invoice_status (id, provider_id, invoice_status_id, provider_invoice_status_id, inactive, note) VALUES ('019bc712-0746-72f8-a0b2-9a7902365fe7', 'BKAV', 7, '7', 0, null);
INSERT INTO PosORA_Pro.einv_mapping_invoice_status (id, provider_id, invoice_status_id, provider_invoice_status_id, inactive, note) VALUES ('019bc712-0c8e-787c-93d0-8ec377b07da7', 'BKAV', 8, '8', 0, null);
INSERT INTO PosORA_Pro.einv_mapping_invoice_status (id, provider_id, invoice_status_id, provider_invoice_status_id, inactive, note) VALUES ('019bc712-123e-7624-a5dc-f60eacbc0f93', 'BKAV', 9, '9', 0, null);
INSERT INTO PosORA_Pro.einv_mapping_invoice_status (id, provider_id, invoice_status_id, provider_invoice_status_id, inactive, note) VALUES ('019bfeb1-1745-77f0-befa-ebe059d64ae1', 'BKAV', 10, '10', 0, null);
INSERT INTO PosORA_Pro.einv_mapping_invoice_status (id, provider_id, invoice_status_id, provider_invoice_status_id, inactive, note) VALUES ('019bfeb2-a4d4-7df0-8638-b4dba268632c', 'BKAV', 11, '11', 0, null);
INSERT INTO PosORA_Pro.einv_mapping_invoice_status (id, provider_id, invoice_status_id, provider_invoice_status_id, inactive, note) VALUES ('019bfeb2-a4f3-7dc8-9cac-b9f6a167b120', 'BKAV', 12, '12', 0, null);
INSERT INTO PosORA_Pro.einv_mapping_invoice_status (id, provider_id, invoice_status_id, provider_invoice_status_id, inactive, note) VALUES ('019bfeb2-a505-7e94-8a9a-c7d1bcf4df81', 'BKAV', 13, '13', 0, null);
INSERT INTO PosORA_Pro.einv_mapping_invoice_status (id, provider_id, invoice_status_id, provider_invoice_status_id, inactive, note) VALUES ('019bfeb2-a51e-7dbc-90f4-1d00ef2917cb', 'BKAV', 14, '14', 0, null);
INSERT INTO PosORA_Pro.einv_mapping_invoice_status (id, provider_id, invoice_status_id, provider_invoice_status_id, inactive, note) VALUES ('019bfeb2-a52f-7704-b1a4-2697ddd8a04a', 'BKAV', 15, '15', 0, null);
INSERT INTO PosORA_Pro.einv_mapping_invoice_status (id, provider_id, invoice_status_id, provider_invoice_status_id, inactive, note) VALUES ('019bfeb4-b242-7198-83ab-ba012b078278', 'MOBI', 1, '0', 0, null);
INSERT INTO PosORA_Pro.einv_mapping_invoice_status (id, provider_id, invoice_status_id, provider_invoice_status_id, inactive, note) VALUES ('019bfeb5-3599-7cc0-bef4-f24eab37f118', 'MOBI', 2, '1', 0, null);
INSERT INTO PosORA_Pro.einv_mapping_invoice_status (id, provider_id, invoice_status_id, provider_invoice_status_id, inactive, note) VALUES ('019bfeb5-595b-7cc8-b876-1e3501718850', 'MOBI', 3, '2', 0, null);
INSERT INTO PosORA_Pro.einv_mapping_invoice_status (id, provider_id, invoice_status_id, provider_invoice_status_id, inactive, note) VALUES ('019bfeb7-2ca0-7f48-bc50-31d5f99bd1cc', 'MOBI', 4, '3', 0, null);
INSERT INTO PosORA_Pro.einv_mapping_invoice_status (id, provider_id, invoice_status_id, provider_invoice_status_id, inactive, note) VALUES ('019bfeb7-2cd9-74d0-baa8-7f0132971513', 'MOBI', 5, '4', 0, null);
INSERT INTO PosORA_Pro.einv_mapping_invoice_status (id, provider_id, invoice_status_id, provider_invoice_status_id, inactive, note) VALUES ('019bfeb7-2cf5-72c4-a81d-9c1faa99f145', 'MOBI', 6, '5', 0, null);
INSERT INTO PosORA_Pro.einv_mapping_invoice_status (id, provider_id, invoice_status_id, provider_invoice_status_id, inactive, note) VALUES ('019bfeb7-2d0a-7ce0-b827-e39d4abf4094', 'MOBI', 7, '7', 0, null);
INSERT INTO PosORA_Pro.einv_mapping_invoice_status (id, provider_id, invoice_status_id, provider_invoice_status_id, inactive, note) VALUES ('019bfeb7-2d22-7d20-b3eb-c327cde33864', 'MOBI', 8, '11', 0, null);
INSERT INTO PosORA_Pro.einv_mapping_invoice_status (id, provider_id, invoice_status_id, provider_invoice_status_id, inactive, note) VALUES ('019bfeb7-2d3f-7484-8ca8-a147d5c6d65d', 'MOBI', 9, '13', 0, null);
INSERT INTO PosORA_Pro.einv_mapping_invoice_status (id, provider_id, invoice_status_id, provider_invoice_status_id, inactive, note) VALUES ('019bfeb7-2d5e-7504-a424-364fe04a107e', 'MOBI', 10, '15', 0, null);
INSERT INTO PosORA_Pro.einv_mapping_invoice_status (id, provider_id, invoice_status_id, provider_invoice_status_id, inactive, note) VALUES ('019bfeb7-2d78-750c-9084-aa81411da778', 'MOBI', 11, '17', 0, null);
INSERT INTO PosORA_Pro.einv_mapping_invoice_status (id, provider_id, invoice_status_id, provider_invoice_status_id, inactive, note) VALUES ('019bfeb7-2d8e-7240-8743-e824d5f4a5e3', 'MOBI', 12, '19', 0, null);
INSERT INTO PosORA_Pro.einv_mapping_invoice_status (id, provider_id, invoice_status_id, provider_invoice_status_id, inactive, note) VALUES ('019bfeb7-2dab-751c-9a78-bd586486f519', 'MOBI', 13, '21', 0, null);
INSERT INTO PosORA_Pro.einv_mapping_invoice_status (id, provider_id, invoice_status_id, provider_invoice_status_id, inactive, note) VALUES ('019bfeb7-2dbe-7c8c-bf64-fafc385762b3', 'MOBI', 14, '23', 0, null);


INSERT INTO PosORA_Pro.einv_invoices (id, tenant_id, store_id, partner_invoice_id, provider_id, provider_invoice_id, invoice_type_id, reference_type_id, status_id, invoice_form, invoice_series, invoice_no, invoice_date, payment_method_id, buyer_tax_code, buyer_company, buyer_id_no, buyer_full_name, buyer_address, buyer_mobile, buyer_bank_account, buyer_bank_name, buyer_budget_code, receive_type_id, receiver_email, currency_code, exchange_rate, signed_date, tax_authority_code, org_invoice_id, org_invoice_form, org_invoice_series, org_invoice_no, org_invoice_date, org_invoice_reason, invoice_lookup_code, gross_amount, discount_amount, net_amount, tax_amount, total_amount, created_by, updated_by, created_date, updated_date) VALUES ('019c0e47-aa32-7858-b52d-dadac460fab0', '019ab3a5-e390-7d4a-892e-821d8d651db7', '019ab3a5-e3bb-7be0-a6ba-83286f2d438b', '019c0893-45e2-79c8-a0d4-c9ec83737c3a', 'MOBI', '4aa63279-53d3-43ca-889c-868744ccfdbc', 1, 0, 0, '1', 'C26MYY', '6', '2026-01-28 17:00:00', 1, null, null, '089303030304', 'Carson Pham', 'Vĩnh Hanh', '0373687042', null, '', '', 1, 'thanhhypham123@gmail.com', 'VND', 1.00, null, 'M1-26-89Y45-00000000573', null, null, null, null, null, null, '8026e27', 326349.00, 0.00, 326349.00, 19651.00, 346000.00, '019ab3b0-2696-7c95-92b8-20f29b8d771a', '019ab3b0-2696-7c95-92b8-20f29b8d771a', '2026-01-30 09:41:43', '2026-01-30 09:41:55');
INSERT INTO PosORA_Pro.einv_invoices (id, tenant_id, store_id, partner_invoice_id, provider_id, provider_invoice_id, invoice_type_id, reference_type_id, status_id, invoice_form, invoice_series, invoice_no, invoice_date, payment_method_id, buyer_tax_code, buyer_company, buyer_id_no, buyer_full_name, buyer_address, buyer_mobile, buyer_bank_account, buyer_bank_name, buyer_budget_code, receive_type_id, receiver_email, currency_code, exchange_rate, signed_date, tax_authority_code, org_invoice_id, org_invoice_form, org_invoice_series, org_invoice_no, org_invoice_date, org_invoice_reason, invoice_lookup_code, gross_amount, discount_amount, net_amount, tax_amount, total_amount, created_by, updated_by, created_date, updated_date) VALUES ('019c0e5d-6c72-7d5d-96d9-616f32172576', '019ab3a5-e390-7d4a-892e-821d8d651db7', '019ab3a5-e3bb-7be0-a6ba-83286f2d438b', '019c09d0-1ac9-75e1-9c04-45d101929abd', 'MOBI', '403463c7-a558-4271-b229-9a145ce899aa', 1, 0, 0, '1', 'C26MYY', '7', '2026-01-28 17:00:00', 1, null, null, null, 'Dũng NT', 'Bình Dương', '0969588995', null, '', '', 1, 'ntiendung1989@gmail.com', 'VND', 1.00, null, 'M1-26-89Y45-00000000574', null, null, null, null, null, null, 'cd0c638', 189714.00, 0.00, 189714.00, 14286.00, 204000.00, '019ab3b0-2696-7c95-92b8-20f29b8d771a', '019ab3b0-2696-7c95-92b8-20f29b8d771a', '2026-01-30 10:05:29', '2026-01-30 10:05:48');


INSERT INTO PosORA_Pro.einv_invoices_detail (id, tenant_id, store_id, doc_id, line_no, is_free, item_type_id, quantity, item_id, item_name, unit, price, gross_amount, discount_rate, discount_amount, net_price_vat, net_price, net_amount, tax_type_id, tax_rate, tax_amount, total_amount, notes, created_by, updated_by, created_date, updated_date) VALUES ('019c0e47-aa36-71b7-bdbb-e3e1169454c3', '019ab3a5-e390-7d4a-892e-821d8d651db7', '019ab3a5-e3bb-7be0-a6ba-83286f2d438b', '019c0e47-aa32-7858-b52d-dadac460fab0', 1, null, 1, 1.00, '019ab8f5-db81-71b2-a564-187bb617fbc0', 'Bộ sách giáo khoa lớp 1', 'Bộ', 161904.67, 161904.67, 0.00, 0.00, 170000.00, 161904.67, 161904.67, 'T05', 5.00, 8095.33, 170000.00, null, '019ab3b0-2696-7c95-92b8-20f29b8d771a', null, '2026-01-30 09:41:43', null);
INSERT INTO PosORA_Pro.einv_invoices_detail (id, tenant_id, store_id, doc_id, line_no, is_free, item_type_id, quantity, item_id, item_name, unit, price, gross_amount, discount_rate, discount_amount, net_price_vat, net_price, net_amount, tax_type_id, tax_rate, tax_amount, total_amount, notes, created_by, updated_by, created_date, updated_date) VALUES ('019c0e47-aa37-7102-a36e-57dfe66f0346', '019ab3a5-e390-7d4a-892e-821d8d651db7', '019ab3a5-e3bb-7be0-a6ba-83286f2d438b', '019c0e47-aa32-7858-b52d-dadac460fab0', 3, null, 1, 1.00, '019a00c9-8a16-74a7-bc32-e18f2bfd3e6c', 'Mì Hảo Hảo', 'Gói', 111111.00, 111111.00, 0.00, 0.00, 120000.00, 111111.00, 111111.00, 'T08', 8.00, 8889.00, 120000.00, null, '019ab3b0-2696-7c95-92b8-20f29b8d771a', null, '2026-01-30 09:41:43', null);
INSERT INTO PosORA_Pro.einv_invoices_detail (id, tenant_id, store_id, doc_id, line_no, is_free, item_type_id, quantity, item_id, item_name, unit, price, gross_amount, discount_rate, discount_amount, net_price_vat, net_price, net_amount, tax_type_id, tax_rate, tax_amount, total_amount, notes, created_by, updated_by, created_date, updated_date) VALUES ('019c0e47-aa37-73f7-b7de-e73998a30200', '019ab3a5-e390-7d4a-892e-821d8d651db7', '019ab3a5-e3bb-7be0-a6ba-83286f2d438b', '019c0e47-aa32-7858-b52d-dadac460fab0', 2, null, 1, 1.00, '019a00c8-7cb9-73d0-90fe-251925194a80', 'Mì 3 miền', 'Thùng', 53333.33, 53333.33, 0.00, 0.00, 56000.00, 53333.33, 53333.33, 'T05', 5.00, 2666.67, 56000.00, null, '019ab3b0-2696-7c95-92b8-20f29b8d771a', null, '2026-01-30 09:41:43', null);

