<?xml version="1.0" encoding="utf-8" standalone="yes"?>
<ArrayOfInvoiceDataWS>
	<InvoiceDataWS>
		<Invoice>
			<!-- data type is integer -->
			<InvoiceTypeID>(*) 1: vat invoice</InvoiceTypeID>
			<!-- data type is datetime -->
			<InvoiceDate>(*) date is issued invoice in the format: yyyy-MM-ddTHH:mm:ss.fffzzz</InvoiceDate>
			<!-- data type is string -->
			<SellerTaxCode>seller's tax code</SellerTaxCode>

			<!-- (*) BuyerName, BuyerTaxCode, BuyerAddress aren't all empty -->
			<BuyerName>buyer's name</BuyerName>
			<BuyerTaxCode>buyer's tax code</BuyerTaxCode>
			<BuyerUnitName>name of company/organization</BuyerUnitName>
			<BuyerAddress>address</BuyerAddress>
			<BuyerBankAccount>bank account</BuyerBankAccount>

			<!-- data type is integer -->
			<PayMethodID>(*) payment method is one in following values: 1 - cash, 2 - credit transfer, 3 - cash/credit transfer</PayMethodID>
			<ReceiveTypeID>(*) way recieve the e-tax invoice: 1 - by email , 2 - by sms, 3 - both email and sms, 4 - by express</ReceiveTypeID>			
			<!-- data type is string -->
			<ReceiverEmail>reciever's email</ReceiverEmail>
			<ReceiverMobile>reciever's mobile phone number</ReceiverMobile>
			<ReceiverAddress>reciever's address</ReceiverAddress>
			<ReceiverName>name of reciever in the case PayMethodID is 4</ReceiverName>

			<!-- data type is string -->
			<Note>notes are in e-tax invoice</Note>
			<BillCode>bill code is at client</BillCode>
			<CurrencyID>(*) currency code: example VND, USD, ...</CurrencyID>
			<!-- data type is decimal -->
			<ExchangeRate>(*) exchange rate to VND</ExchangeRate>
			
			<!-- In Tool BEST: data type is integer -->
			<InvoiceStatusID>(*) value is 1 - new creation, 2 - replacement, 3 - adjustment, 4 - cancellation</InvoiceStatusID>	
			<!-- data type is string: it's the same in ehoadon -->			
			<InvoiceForm>example: 01GTKT0/001, ...</InvoiceForm>
			<InvoiceSerial>example: AA/17E, AB/17E, ...</InvoiceSerial>
			<!-- data type is integer -->
			<InvoiceNo>next number from max InvoiceNo in eHoaDon</InvoiceNo>

			<!-- data type is string -->
			<UserDefine>data is defined by client</UserDefine>
			<!-- only for adjustment/replace invoices -->
			<OriginalInvoiceIdentify>[InvoiceForm]_[InvoiceSerial]_[InvoiceNo]</OriginalInvoiceIdentify>
		</Invoice>
		<ListInvoiceDetailsWS>
			<InvoiceDetailsWS>
				<!-- data type is string -->
				<ItemName>(*) name of product/service</ItemName>
				<UnitName>unit</UnitName>

				<!-- data type is decimal: default 0-->
				<Qty>quantity</Qty>
				<Price>price</Price>
				<Amount>(*) amount = quantity * price</Amount>

				<!-- data type is integer -->
				<TaxRateID>(*) it's one in the values: 1 - 0%, 2 - 5%, 3 - 10%, 4 - not tax, 5 - not declare tax, 6 - other</TaxRateID>
				<TaxRate>(*) it's one in the values: 0, 5, 10, -1(not tax) , -2(not declare tax), -4(xxx)</TaxRate>
				<!-- data type is decimal -->
				<TaxAmount>(*) TaxRate * Amount / 100.0f</TaxAmount>

				<!-- data type is logic (boolean) -->
				<IsDiscount>(*) if it's discount, value is true</IsDiscount>				
				<!-- only for adjustment invoices -->
				<IsIncrease>if it's increased adjustment, value is true</IsIncrease>

				<!-- data type is string -->
				<UserDefineDetails>data is defined by client</UserDefineDetails>
			</InvoiceDetailsWS>
		</ListInvoiceDetailsWS>

		<!-- only for adjustment/replace/cancellation invoices -->
		<ListInvoiceAttachFileWS>
			<InvoiceAttachFileWS>
				<!-- data type is string -->
				<FileName>file's name don't include extension</FileName>
				<FileExtension>extension</FileExtension>
				<FileContent>data of file is encoded by base64</FileContent>
			</InvoiceAttachFileWS>
		</ListInvoiceAttachFileWS>

		<!-- (*) indentify invoice at client: use one in two below tag -->
		<PartnerInvoiceID>ID of invoice at client in integer</PartnerInvoiceID>
		<PartnerInvoiceStringID>ID of invoice at client in string</PartnerInvoiceStringID>
	</InvoiceDataWS>
</ArrayOfInvoiceDataWS>

<!--

Notes:
	- (*): tags is required
	- tags are integer data type remove it if not in usage
	
-->